{"cameraMode":{"drawMode":0,"name":"Shaded","section":"Shading Mode"},"sceneLighting":true,"audioPlay":false,"sceneViewState":{"showFog":false,"showMaterialUpdate":false,"showSkybox":false,"showFlares":false,"showImageEffects":false,"showParticleSystems":false},"in2DMode":false,"pivot":{"x":8.80826473236084,"y":-4.281882286071777,"z":5.566865921020508},"rotation":{"x":0.04819754138588905,"y":0.8557285070419312,"z":-0.5087728500366211,"w":0.0811029002070427},"size":26.071453094482423,"orthographic":false}