{"cameraMode":{"drawMode":0,"name":"Shaded","section":"Shading Mode"},"sceneLighting":true,"audioPlay":false,"sceneViewState":{"showFog":false,"showMaterialUpdate":false,"showSkybox":false,"showFlares":false,"showImageEffects":false,"showParticleSystems":false},"in2DMode":false,"pivot":{"x":4.010105133056641,"y":-2.280590057373047,"z":3.1889195442199709},"rotation":{"x":0.41564589738845827,"y":0.431558758020401,"z":-0.23432475328445435,"w":0.7655770778656006},"size":15.42982006072998,"orthographic":false}