{"cameraMode":{"drawMode":0,"name":"Shaded","section":"Shading Mode"},"sceneLighting":false,"audioPlay":false,"sceneViewState":{"showFog":false,"showMaterialUpdate":false,"showSkybox":false,"showFlares":false,"showImageEffects":false,"showParticleSystems":false},"in2DMode":false,"pivot":{"x":-0.06570971012115479,"y":-0.2510438561439514,"z":0.17247158288955689},"rotation":{"x":-0.3350518047809601,"y":0.14392708241939546,"z":-0.051872484385967258,"w":-0.929701030254364},"size":1.3982892036437989,"orthographic":false}