{"cameraMode":{"drawMode":0,"name":"Shaded","section":"Shading Mode"},"sceneLighting":true,"audioPlay":false,"sceneViewState":{"showFog":false,"showMaterialUpdate":false,"showSkybox":false,"showFlares":false,"showImageEffects":false,"showParticleSystems":false},"in2DMode":false,"pivot":{"x":32.0955924987793,"y":0.20424175262451173,"z":4.935235023498535},"rotation":{"x":0.38645535707473757,"y":0.37086865305900576,"z":-0.17343813180923463,"w":0.8264670372009277},"size":10.707523345947266,"orthographic":false}